Entity,Code,Year,"Air pollution (total) (deaths per 100,000)","Indoor air pollution (deaths per 100,000)","Outdoor particulate matter (deaths per 100,000)","Outdoor ozone pollution (deaths per 100,000)"
Afghanistan,AFG,2021,191.8011189732795,141.3542376454552,47.33453691439792,5.746081720030607
Afghanistan,AFG,2022,186.6689494361705,138.663543279917,44.82619552773991,5.77946638468968
Afghanistan,AFG,2023,183.9413870541869,134.99375306870488,45.73766239317673,5.8106248922515045
Albania,ALB,2021,42.299772755674304,19.163115680372144,21.78608861129629,1.8061649785696388
Albania,ALB,2022,41.018787963433525,18.846584518538027,20.81066376804032,1.8055482075424607
Albania,ALB,2023,40.48112424828898,18.28075416622444,20.837392786000887,1.8038835186186992
Algeria,DZA,2021,44.36252396309364,0.2676574003755674,42.5478142290423,2.076489100658935
Algeria,DZA,2022,44.53909370257646,0.2181295663495411,42.80303697282776,2.0588610250304225
Algeria,DZA,2023,43.68351172616028,0.1917665033763003,41.97623322800336,2.052063536260609
American Samoa,ASM,2021,60.795990839241405,21.568465661702135,39.2264299015515,0.001391235808752
American Samoa,ASM,2022,59.261059419992336,20.97668624161865,38.28327930700606,0.0013838881654813
American Samoa,ASM,2023,58.93948536624944,20.31779721842964,38.62055627532837,0.0014346329923629
Andean Latin America,,2021,34.601461429526005,11.971974483263985,22.00957325583526,0.8178948132186254
Andean Latin America,,2022,33.50749881289078,11.240373422279507,21.65237141960396,0.8049204580075519
Andean Latin America,,2023,32.77592701400283,10.689057808465996,21.471817194761293,0.8024045393417911
Andorra,AND,2021,16.652145832769765,0.1716879577687505,14.19962499022684,2.70108734734408
Andorra,AND,2022,15.606827403240606,0.1711236193285143,13.117336852787629,2.7101574305986253
Andorra,AND,2023,15.569478463523978,0.1656641621247401,13.088531020331327,2.7089442774263026
Angola,AGO,2021,100.23948013351288,67.09831767067816,29.79255388595292,5.216857562969127
Angola,AGO,2022,97.1245293079634,64.41206603232405,29.40473321343269,5.111732246429416
Angola,AGO,2023,95.21990919773064,62.19905798803511,29.75929262341452,5.029588393624833
Antigua and Barbuda,ATG,2021,33.58601961889342,1.569812734860938,32.01027160612505,0.0074422662203318
Antigua and Barbuda,ATG,2022,32.52075794643337,1.5260401558691143,30.986836824855217,0.0098579651816618
Antigua and Barbuda,ATG,2023,32.35337087889398,1.4355939832240077,30.907780657688285,0.0125189733208993
Argentina,ARG,2021,33.08692384629538,2.576968029038218,29.159094224989484,1.6357716291501816
Argentina,ARG,2022,31.83807342552108,2.411680608248497,28.007620581677,1.7018920040527643
Argentina,ARG,2023,31.057882843033887,2.260202746274312,27.33805390124635,1.7458899636831495
Armenia,ARM,2021,67.15583171909857,12.685907923593671,51.61498629982707,3.930754718329424
Armenia,ARM,2022,64.86230501424498,12.45752053110076,49.57826401480464,3.8507076774753264
Armenia,ARM,2023,64.81278002952513,11.904036639135583,50.07469349435266,3.860213645590925
Australasia,,2021,10.987306785045744,0.097830746888968,10.448898194358447,0.5012671977659618
Australasia,,2022,10.291204862952052,0.0925697886109901,9.71558208292718,0.5439211667452865
Australasia,,2023,10.45977466718163,0.0910358202836033,9.82945125586054,0.6064799946300939
Australia,AUS,2021,11.27679379229225,0.0886376026624607,10.702071746128466,0.5544068421538402
Australia,AUS,2022,10.586439853479725,0.0844017093964245,9.974549114246544,0.5955779226731147
Australia,AUS,2023,10.795951827407098,0.0833627749360886,10.128110587358444,0.6592419425245565
Austria,AUT,2021,18.85776731859494,0.2876706086838826,16.74104005550154,2.206374188061628
Austria,AUT,2022,17.812976640233504,0.2799901936324511,15.722648835617465,2.1663995920095176
Austria,AUT,2023,17.58634934991682,0.2665825847262322,15.519288005198009,2.150996387094409
Azerbaijan,AZE,2021,83.30039503349123,21.59639964424022,59.24061630559141,3.1991503406203483
Azerbaijan,AZE,2022,80.7165557943871,20.99750770727332,57.234529278771134,3.199091720093325
Azerbaijan,AZE,2023,80.19455281619848,20.751419791511253,56.922786598158986,3.2401274857241686
Bahamas,BHS,2021,33.59640013854071,2.088066178995843,30.823050888561312,0.8569370962520175
Bahamas,BHS,2022,32.50757343550969,2.0937383182911407,29.72467606686777,0.8552715095203776
Bahamas,BHS,2023,32.16057827516131,2.020472156631146,29.447533766028133,0.8569695112725271
Bahrain,BHR,2021,65.48333614556586,0.3375089570016695,62.92676078330542,3.3304676436678253
Bahrain,BHR,2022,63.66939420221147,0.3144262450609797,61.14446483608205,3.297326387169981
Bahrain,BHR,2023,62.900449377330354,0.2803315894472375,60.42661075150302,3.28021338023501
Bangladesh,BGD,2021,113.29674354072166,65.062948348071,43.27029063806848,8.559829606025437
Bangladesh,BGD,2022,109.40404314209871,63.76166042915929,40.63233232106592,8.49812806991392
Bangladesh,BGD,2023,108.52547816698328,61.98537817409311,41.4853792514822,8.542990754464597
Barbados,BRB,2021,35.92143363341093,0.0447279211255597,35.780200020136014,0.1243878823755892
Barbados,BRB,2022,35.18312348566336,0.0435122973642051,35.037066794800054,0.131438166970464
Barbados,BRB,2023,35.068161413531136,0.0426797488743933,34.91535429232297,0.1407418113494419
Belarus,BLR,2021,52.68628081874558,0.7717062226156818,51.15296711032464,0.9595683085738772
Belarus,BLR,2022,50.78554254856133,0.7397554624711596,49.26701121261416,0.9736386069913346
Belarus,BLR,2023,50.7119499458568,0.692619198082603,49.212113097692765,1.008863457682479
Belgium,BEL,2021,20.47646878669515,0.1144470809674939,18.359439585117325,2.41621034599238
Belgium,BEL,2022,19.272908553596015,0.1090586491993204,17.199824343490864,2.355315930643167
Belgium,BEL,2023,19.127512733372576,0.1044232219779941,17.060459664309363,2.35459046429421
Belize,BLZ,2021,45.929066293267546,12.918677194248517,31.901607038349194,1.4630033386354635
Belize,BLZ,2022,44.5258787637848,12.722319091943351,30.69540695901737,1.4469601614971388
Belize,BLZ,2023,44.21203868186201,12.176981522935904,30.91941883003718,1.4557052961638424
Benin,BEN,2021,119.28558873159646,94.75821375691682,23.03935750400408,2.6643601733484803
Benin,BEN,2022,115.80534192333548,92.05337923461134,22.23829353481993,2.6871360171456637
Benin,BEN,2023,113.15957555347748,89.36395534133676,22.26813855910813,2.7001121758885867
Bermuda,BMU,2021,18.48737080464504,1.51203094836819,16.002337481097943,1.1677556833124665
Bermuda,BMU,2022,17.80109469632257,1.5183148209622674,15.32762119206454,1.1384246280212744
Bermuda,BMU,2023,17.643625701259747,1.4491334215541232,15.246630074600304,1.1293402927135974
Bhutan,BTN,2021,77.36572209851677,28.25155320724675,41.20092854029205,11.5458002401964
Bhutan,BTN,2022,74.5466533290088,26.79193996590172,39.83484547314278,11.414277853497516
Bhutan,BTN,2023,73.10805518693807,24.59026120567136,40.635927378967565,11.329633270645578
Bolivia,BOL,2021,56.75662296108143,22.5470651333525,32.38749619005728,2.4230903918304745
Bolivia,BOL,2022,54.62555759363193,21.134597911346475,31.67899345440473,2.384647188590806
Bolivia,BOL,2023,53.87507203792895,19.63842883877619,32.43273564700695,2.3667939082067644
Bosnia and Herzegovina,BIH,2021,60.87582209041505,23.272163929368133,35.69666183900205,2.65648173751206
Bosnia and Herzegovina,BIH,2022,58.97572422446513,22.978377970566783,34.09491768392757,2.6291116165290416
Bosnia and Herzegovina,BIH,2023,58.07743401399994,22.081644439789088,34.10666537187964,2.608378299587773
Botswana,BWA,2021,75.07226868898151,39.26153590301983,32.79318632657139,4.222148587461315
Botswana,BWA,2022,72.00154318039542,37.10624385506925,31.929878179135585,4.123876260081127
Botswana,BWA,2023,69.80400607591162,35.52118004345444,31.333245474287917,4.077350274925684
Brazil,BRA,2021,31.51608976332567,6.3600422259301626,23.4451488834162,2.076375657898344
Brazil,BRA,2022,30.349578155443645,5.976036709284771,22.62249598393088,2.10440935622886
Brazil,BRA,2023,30.32107718446788,5.583721423596631,22.94566354686888,2.1507417186207958
Brunei,BRN,2021,23.749659841782574,0.2052031058838924,22.53490583832786,1.1131591567938883
Brunei,BRN,2022,20.47862532800329,0.1741959527147739,19.268640666329805,1.1275181229386748
Brunei,BRN,2023,20.300877110426185,0.1608646401642648,19.093335917107435,1.1398263983935186
Bulgaria,BGR,2021,53.667068442388114,10.843731983384044,40.97743569868924,2.3850422194862464
Bulgaria,BGR,2022,51.77971020509638,10.756626987499471,39.202049093478,2.334137300223517
Bulgaria,BGR,2023,51.39213644722451,10.24999951460994,39.32109162274384,2.329743217615765
Burkina Faso,BFA,2021,137.96110169969214,114.63481909093863,22.518751985560368,1.5543245153189469
Burkina Faso,BFA,2022,136.00104935851678,114.46804600863626,20.709327398068897,1.57433739425479
Burkina Faso,BFA,2023,133.18266376444095,111.07320759193333,21.27612462996677,1.584887915941227
Burundi,BDI,2021,146.90643026980257,122.83780516671814,21.995682710311016,3.893434793230437
Burundi,BDI,2022,144.35628994473123,120.37432981906257,21.910850572653096,3.8855572981368502
Burundi,BDI,2023,142.77420767474803,118.56654038904098,22.12083842214165,3.89970555438659
Cambodia,KHM,2021,111.89318446706794,88.36757903942812,22.178301044379168,2.2181751594099963
Cambodia,KHM,2022,109.4873363899311,86.66277270720273,21.42843869628257,2.2766909717879265
Cambodia,KHM,2023,107.97949761148656,84.71483472871255,21.832418227129764,2.327675126529593
Cameroon,CMR,2021,122.5088857488306,64.73491888405638,55.9915413222813,3.029255659999224
Cameroon,CMR,2022,118.32719509326355,61.30081097807791,55.23179031346045,3.016882263952333
Cameroon,CMR,2023,113.96151454529944,57.1783606417368,54.99003408483398,2.9863480636985376
Canada,CAN,2021,12.217926497625728,0.0270577928342447,10.609096875802283,1.763894813764779
Canada,CAN,2022,11.002674780961692,0.0251285889333163,9.397502530791416,1.740833692692777
Canada,CAN,2023,10.716618413539726,0.024770498196004,9.110733440276666,1.739718060535529
Cape Verde,CPV,2021,53.05591785244469,26.167935065981684,26.23478335709089,0.9703565342537104
Cape Verde,CPV,2022,51.26560132110704,26.064246169898773,24.517260051137136,0.9968349036240408
Cape Verde,CPV,2023,50.817777556463234,24.631581947891902,25.4964979046444,1.0044631269412192
Caribbean,,2021,47.94433864899432,19.442227911588187,27.387687961485103,1.4510468286737983
Caribbean,,2022,47.00157507932333,19.07371672889995,26.803649532669176,1.4541743561481282
Caribbean,,2023,46.42572749368469,18.59251431042042,26.709964175951637,1.450336742020953
Central African Republic,CAF,2021,205.8482841741763,157.8087045828378,44.88587584711468,5.975791228422654
Central African Republic,CAF,2022,202.4576739525978,155.43596908556336,43.86459283833181,5.955939307748739
Central African Republic,CAF,2023,199.65099723487427,153.3414567823678,43.15760017143447,5.941588543565429
Central Asia,,2021,82.39223572108011,23.5257727777591,56.50787693524131,3.103233748910122
Central Asia,,2022,79.42307460992046,23.02996950474556,54.03290690617506,3.0712040926389523
Central Asia,,2023,79.03843943847875,21.907085452573025,54.774925886626136,3.072040151554588
Central Europe,,2021,42.34817192071471,8.02551407415541,32.59710204638459,2.216932222150304
Central Europe,,2022,40.0509999585582,7.767619245717885,30.599544725557735,2.144537101292782
Central Europe,,2023,39.28609609708024,7.396395103845562,30.23324072856961,2.1081281872513453
"Central Europe, Eastern Europe, and Central Asia",,2021,52.84763617224818,6.527661581640683,44.830886890063525,1.8849385713747355
"Central Europe, Eastern Europe, and Central Asia",,2022,50.30429714917047,6.34753701289747,42.49186224090748,1.8403229854071603
"Central Europe, Eastern Europe, and Central Asia",,2023,49.127517457230574,6.040145457988983,41.63921323522904,1.818695116218178
Central Latin America,,2021,39.31786984866817,10.969508126686526,26.191223713338875,2.795390924286955
Central Latin America,,2022,38.41413713169229,10.768997473552917,25.472527777977827,2.793033420706124
Central Latin America,,2023,38.07513908949221,10.288776675926815,25.618435392462747,2.785763562490593
Central Sub-Saharan Africa,,2021,137.3240254886962,103.27322236021736,30.771906699706594,5.857978548344953
Central Sub-Saharan Africa,,2022,134.01586880636538,99.61844447704416,31.0838862468236,5.880378435102252
Central Sub-Saharan Africa,,2023,131.59878681392715,97.10208606770937,31.15296329076534,5.910979116809649
Chad,TCD,2021,163.48694801062942,129.48734378881718,32.237655246451034,3.5180540029679723
Chad,TCD,2022,161.38245257620414,128.87886828564916,30.70370527124237,3.5673960253989985
Chad,TCD,2023,159.14741095199247,126.19193205683548,31.13891316521896,3.5914307442692497
Chile,CHL,2021,24.84461527443071,3.015242293794259,20.96583497343749,1.1134862957532072
Chile,CHL,2022,24.02172262772059,3.0171241719193125,20.10518108731192,1.148452781696218
Chile,CHL,2023,24.29921297777114,2.937137106443011,20.412135195915624,1.2139817588187567
China,CHN,2021,78.25140892499367,18.120062657048432,52.65894615543432,11.316569963060136
China,CHN,2022,74.70570934957617,17.765584361779148,49.44868337698298,11.14419970552404
China,CHN,2023,72.67678885845345,15.803640803011788,49.36714161016279,11.12328257255152
Colombia,COL,2021,23.238309577371385,5.179411361083676,17.091480018875185,1.2115166457867328
Colombia,COL,2022,22.415220772082822,4.798744203707593,16.63831581682576,1.2169289067122273
Colombia,COL,2023,22.0962392218409,4.401575149943022,16.699475406298223,1.2354045133966731
Comoros,COM,2021,97.48803149016648,81.01889748713413,15.937790126218914,0.8547761002549542
Comoros,COM,2022,95.4583992868599,78.9703225527392,15.957315325850752,0.8477318417811377
Comoros,COM,2023,93.98944768869382,77.29998015329122,16.158609453462063,0.8435481370153114
Congo,COG,2021,118.0017834474822,66.2707358919882,49.24761134933027,3.881511195321453
Congo,COG,2022,114.19805232623862,62.05608329015196,49.71577043706647,3.7733620153529936
Congo,COG,2023,113.00518030689967,59.20779607203235,51.3553045554795,3.7822229071709943
Costa Rica,CRI,2021,20.619265411101,3.741214849782966,16.08741076707351,0.9920295997761605
Costa Rica,CRI,2022,21.09057695789467,3.804433489272751,16.417722955632456,1.079662193525807
Costa Rica,CRI,2023,21.21308224391965,3.6401533540643727,16.666095425775104,1.1269900586622588
Cote d'Ivoire,CIV,2021,127.60537718702524,103.6539523090064,23.19892400261362,1.2563702423150471
Cote d'Ivoire,CIV,2022,123.02454755770036,99.91100085382836,22.355167316530743,1.256311887828025
Cote d'Ivoire,CIV,2023,118.8365593679245,96.25337526474658,21.82017137577354,1.2568754782829
Croatia,HRV,2021,37.53962033602016,5.325944323417652,29.94664164389749,2.879622275451274
Croatia,HRV,2022,34.23502573085698,4.964761333721521,27.127956436924293,2.696853788786969
Croatia,HRV,2023,33.552074585083204,4.654715054769408,26.803493217711654,2.6369353023718074
Cuba,CUB,2021,33.88404053460197,1.934678211598677,30.76479603089065,1.4914265618658995
Cuba,CUB,2022,32.94971454020374,1.8292168476906925,29.96734445066028,1.4445710738417383
Cuba,CUB,2023,32.46048101808931,1.7220087689204295,29.610628742192272,1.4096372200043907
Cyprus,CYP,2021,27.608607695444384,0.200410228820727,25.01751325258554,2.999339230602119
Cyprus,CYP,2022,25.96171468056219,0.2049058999270771,23.36870549082525,2.954873381256553
Cyprus,CYP,2023,25.95910461328527,0.1901993651130686,23.39594606492024,2.943205787235545
Czech Republic,CZE,2021,32.41577614263114,1.0279276016565455,29.577596730308297,2.24769713851017
Czech Republic,CZE,2022,30.791526739212102,1.02115785177137,27.980942326050425,2.2019520861458943
Czech Republic,CZE,2023,30.15992328169316,0.9588610421030938,27.47477475508482,2.123831686842625
Democratic Republic of Congo,COD,2021,148.4421017274969,117.2770255492409,27.720476323840096,6.4009153526569245
Democratic Republic of Congo,COD,2022,145.19971156704574,113.39155855036532,28.29788198078124,6.475968587274874
Democratic Republic of Congo,COD,2023,142.68032992575937,110.90576831144364,28.207917435390648,6.548576346651862
Denmark,DNK,2021,19.891194178420136,0.1102202823469835,17.381600857521246,2.819238274169601
Denmark,DNK,2022,19.31916137636146,0.1095412380381171,16.78729836223031,2.8284532428514377
Denmark,DNK,2023,19.324887260097903,0.1036955248849978,16.775030036155087,2.8546661158342603
Djibouti,DJI,2021,83.49410648928294,35.26479575926464,46.81545009925676,2.085631423105995
Djibouti,DJI,2022,82.4769523955055,33.953360296274674,47.03830554619208,2.1847122440730344
Djibouti,DJI,2023,80.69632489595126,32.24147875520848,46.90101672940823,2.274099614123912
Dominica,DMA,2021,38.88421399204624,7.372724434383253,31.511475431234192,1.82812190455e-05
Dominica,DMA,2022,38.23456970186678,7.083231774969903,31.15131928928161,2.44441869361e-05
Dominica,DMA,2023,37.6752584195648,6.837761310585372,30.837473231334183,3.12914332437e-05
Dominican Republic,DOM,2021,38.94723638367552,12.507712955580743,25.54160079617553,1.1136634399817402
Dominican Republic,DOM,2022,37.686763633898266,12.02749537507732,24.73403077349781,1.1359708769348928
Dominican Republic,DOM,2023,36.97274516490145,11.253908442928724,24.79712075938224,1.129399653348239
East Asia,,2021,78.32763846670636,18.862092037374968,51.95192623843152,11.394538736074333
East Asia,,2022,74.83217256928376,18.51858431251805,48.78088422682391,11.2235651621993
East Asia,,2023,72.824140571331,16.577136319482356,48.702265366605324,11.198602785766
Eastern Europe,,2021,51.76034686014343,1.752001359036277,48.81856375758816,1.4653506553341449
Eastern Europe,,2022,49.22588929992023,1.6345652575339955,46.42203597463075,1.431986082973763
Eastern Europe,,2023,47.54567793618823,1.5050157794777728,44.88414817994821,1.414941988435008
Eastern Sub-Saharan Africa,,2021,109.63781931105744,89.92156035342849,18.52785862961061,2.103344714711429
Eastern Sub-Saharan Africa,,2022,107.1505325447844,87.21901596722924,18.73241901831414,2.108758902300742
Eastern Sub-Saharan Africa,,2023,105.19513510973374,85.13807859478011,18.847992668119357,2.1162967196426505
Ecuador,ECU,2021,28.041828651523147,3.5180012474034985,23.951764445194037,0.7056033197947237
Ecuador,ECU,2022,27.553637367708887,3.3566206381029278,23.622038753349624,0.704972600229583
Ecuador,ECU,2023,27.135242910048543,3.113057544287344,23.44804757309794,0.7036519864723022
Egypt,EGY,2021,115.05149631002712,1.0701722684440078,111.06280638846056,4.480651586401593
Egypt,EGY,2022,114.10889105390818,0.8676117900289524,110.27774587287004,4.551895382340304
Egypt,EGY,2023,113.35551184504844,0.7263842171517877,109.61626649793972,4.614963788972096
El Salvador,SLV,2021,48.85354960907513,17.75887000329317,29.973896337121143,1.523970581959346
El Salvador,SLV,2022,47.00602627460335,17.08333938923321,28.798981062910464,1.513729128001011
El Salvador,SLV,2023,45.898198724122935,16.1433356937648,28.62946891476719,1.5101959873664614
England,,2021,18.279821954538097,0.2116326046720835,16.63328775093114,1.6933271602642683
England,,2022,17.99348693223695,0.2045923996535704,16.335701630373926,1.710410452550843
England,,2023,17.880951040970924,0.1969886069080231,16.228557071228703,1.7120864136030611
Equatorial Guinea,GNQ,2021,80.35685037757214,42.00401618286152,37.551805242189225,1.2826638146680516
Equatorial Guinea,GNQ,2022,79.70653632070733,39.93560516384943,38.94641163240546,1.315420261939003
Equatorial Guinea,GNQ,2023,78.35860984601827,38.69715607730606,38.81393882326178,1.3439689917075064
Eritrea,ERI,2021,141.0294818545139,101.6572079619178,37.19493825928181,3.780360168526972
Eritrea,ERI,2022,136.95354622893572,98.41313911799826,36.36123193800463,3.76199383943058
Eritrea,ERI,2023,132.70047430840424,94.84387618773854,35.670724137818006,3.750114096474584
Estonia,EST,2021,16.53077524854442,4.306394037523906,11.638833254044748,0.6665712052968404
Estonia,EST,2022,15.982268164677272,4.046433005223994,11.36116080602745,0.6508775637210639
Estonia,EST,2023,15.651686870127074,3.9326344453577895,11.149028835911892,0.644178341082145
Ethiopia,ETH,2021,93.57869970805282,76.01804825700313,16.601487327780852,1.7362614069371498
Ethiopia,ETH,2022,90.64138256531292,72.65922548464589,17.00678717527138,1.7490932380539566
Ethiopia,ETH,2023,88.82900506191545,70.59407937480415,17.24255369779341,1.766512964429925
Fiji,FJI,2021,108.36339048789448,63.736489744376925,44.52781647068658,0.1250304335627493
Fiji,FJI,2022,103.64606412633276,60.83021611353772,42.71538537656617,0.1262060757549075
Fiji,FJI,2023,100.59466782714485,57.96317382181933,42.52815292162406,0.1286670062858621
Finland,FIN,2021,8.69069077668554,0.1412205132491361,7.840072315633548,0.7751955900380144
Finland,FIN,2022,8.40169621134432,0.1333225212613959,7.544358232611469,0.7871749766485663
Finland,FIN,2023,8.507491500027184,0.1321508652169309,7.6351616040489265,0.8047940854480415
France,FRA,2021,12.83499259035394,0.0989713650503264,11.763785395004929,1.1645179286248704
France,FRA,2022,11.967906775869777,0.0956748052663459,10.916809436920024,1.135190770636247
France,FRA,2023,11.819222109054913,0.0888968655376302,10.777409938473737,1.1319263924575336
Gabon,GAB,2021,74.1911688253248,13.388055230026374,59.94010644058634,1.212704921324848
Gabon,GAB,2022,72.87385788499913,12.132151036986974,59.865223493410014,1.2297235010746068
Gabon,GAB,2023,72.05364228980268,10.874686331491636,60.288094829123466,1.248200205243109
Gambia,GMB,2021,138.24444538643093,109.58004121263436,27.403100814956897,2.223279862491549
Gambia,GMB,2022,135.8648598816783,109.35083822319238,25.21402205668356,2.2740234711441745
Gambia,GMB,2023,134.39277064537066,106.7540779823176,26.31112610316602,2.3157407905441185
Georgia,GEO,2021,69.46115289261455,31.489241465086398,35.91634217893515,2.8344415286059528
Georgia,GEO,2022,70.0353734834092,32.456270752058714,35.446366040664245,2.9047642532373965
Georgia,GEO,2023,70.51192620351799,31.72455336038266,36.63293489311241,2.9332500838193214
Germany,DEU,2021,20.47622376669419,0.2946322555693516,18.227343803385192,2.3460560783368885
Germany,DEU,2022,20.104022575465148,0.2948022992498311,17.823529874686166,2.363617044185604
Germany,DEU,2023,19.82826477532281,0.2805077790695611,17.597897924487683,2.323455559881036
Ghana,GHA,2021,111.13618841928104,74.8133949671634,35.464114893634545,1.349688616119414
Ghana,GHA,2022,109.08762408781466,70.93795089370758,37.28267345273498,1.3576585353254171
Ghana,GHA,2023,105.4369339198939,68.40700025103112,36.15416492753427,1.358968882716951
Greece,GRC,2021,26.90073306027663,0.284381709210361,24.468833441465037,2.66454797889944
Greece,GRC,2022,25.78565659990388,0.29430565799809,23.346231463716247,2.638031626120828
Greece,GRC,2023,25.72366267827761,0.2868154524738005,23.295159635326367,2.632382697761599
Greenland,GRL,2021,34.14105105614916,0.6538220172927072,30.29621569168597,3.7562483191447713
Greenland,GRL,2022,33.078384925446564,0.613073558992845,29.35643536714092,3.6585071816122414
Greenland,GRL,2023,32.67641334760562,0.5954664360882979,29.001328378778148,3.620822067542404
Grenada,GRD,2021,51.09059737729424,5.028059708151065,45.60639470440896,0.5907189290005106
Grenada,GRD,2022,49.95005972638061,4.763876374711603,44.75349876382712,0.5561282849997992
Grenada,GRD,2023,49.21216663325316,4.461085259237153,44.295418149692274,0.583961665229444
Guam,GUM,2021,45.34053853577343,7.538858002504091,37.66429061304788,0.1661867392373325
Guam,GUM,2022,44.09865633161295,7.653258597252214,36.302750707171,0.1714529302270701
Guam,GUM,2023,44.24053103355215,7.626418583098939,36.46681471337536,0.1772785659454161
Guatemala,GTM,2021,66.88970301693915,43.32062855043655,22.8920065631107,0.989847999238326
Guatemala,GTM,2022,66.82009808023248,43.32011911360149,22.809386471749807,1.0003173561255667
Guatemala,GTM,2023,65.9790002603592,41.756931796877765,23.518654044051527,1.014308719059026
Guinea,GIN,2021,167.47244781668357,146.84928376172158,19.08691666217848,2.842831376727011
Guinea,GIN,2022,163.76973083973343,144.1364218357584,18.060043453817578,2.8826694192882187
Guinea,GIN,2023,160.50377178907354,140.1710927023778,18.73494101280082,2.914433352970797
Guinea-Bissau,GNB,2021,169.55649820090065,143.79442180258235,24.323280415012803,2.6370250109773203
Guinea-Bissau,GNB,2022,165.7776692399571,141.40366216608203,22.909867954588453,2.663380944934954
Guinea-Bissau,GNB,2023,161.79803398722714,137.34310973576197,22.98062060519624,2.6709604703971013
Guyana,GUY,2021,67.03376628559126,16.961561474929933,49.71857207064219,0.4602448419792375
Guyana,GUY,2022,64.37554609424143,16.168577317799997,47.849742255364525,0.4613210186807528
Guyana,GUY,2023,63.13106941124376,15.306133666708474,47.46241976562799,0.4680302456803155
Haiti,HTI,2021,125.84507428282149,108.51244161750604,15.297445742849114,3.266143343358807
Haiti,HTI,2022,123.5859764662555,106.5389129049646,14.990003298481373,3.283936267736954
Haiti,HTI,2023,121.36381010549024,104.3040352186292,14.982819379200915,3.2991419410741303
High SDI,,2021,19.05266394858925,0.3862603163941778,16.60054170101725,2.4592871947342063
High SDI,,2022,18.07876294879164,0.3759685545181788,15.62456927231319,2.448351347907244
High SDI,,2023,17.988732880835407,0.3542436754585671,15.551390157062276,2.454885106164786
High-income,,2021,17.621750375548043,0.2467539798347349,15.353383526841462,2.3639467542954278
High-income,,2022,16.710517229920615,0.2377841882476728,14.435826950911553,2.358088805732841
High-income,,2023,16.63959643396168,0.2269144907225583,14.368603196760777,2.366147906555296
High-income Asia Pacific,,2021,13.816336897656369,0.0261158021077246,12.691723316222427,1.3369327303953231
High-income Asia Pacific,,2022,13.054601370104203,0.0255309426429534,11.920230126007322,1.3354040762786774
High-income Asia Pacific,,2023,13.096471000252617,0.0244286836631151,11.95518545074565,1.346610216599189
High-middle SDI,,2021,57.90432455136459,7.0203716949796044,47.21284864942034,5.3169797285556175
High-middle SDI,,2022,55.413588866258245,6.869205143132165,44.858522355046745,5.261239026290032
High-middle SDI,,2023,54.03831318722379,6.118236754409852,44.24607075035289,5.240938940329141
Honduras,HND,2021,53.9951340782307,36.741660036275256,16.03790452209674,1.7804197320082455
Honduras,HND,2022,52.50476516518074,35.80503008000022,15.465039240798816,1.7893807410530032
Honduras,HND,2023,51.35947878557494,34.67178163875927,15.432529836449508,1.8067541116376504
Hungary,HUN,2021,44.67685559125078,9.230940745177426,32.313609942828414,3.967522422937344
Hungary,HUN,2022,40.53679743524542,8.617003137803152,28.94797624170629,3.730293213189055
Hungary,HUN,2023,39.20837155126984,8.064261556826036,28.2910041317928,3.578359678058451
Iceland,ISL,2021,10.742414880948346,0.1528111567676507,9.169528211710531,1.5751244294615605
Iceland,ISL,2022,9.917058291079096,0.1361412198410408,8.32140821826243,1.6035449414550922
Iceland,ISL,2023,9.946781471307624,0.1358382854548745,8.272267100029666,1.6862099781843805
India,IND,2021,136.35334016377357,56.86405700695664,69.48516009040505,17.211841810791636
India,IND,2022,134.64393837108747,54.362843845765504,70.13195308931152,17.307469852152156
India,IND,2023,131.99401859860856,51.027439573267095,70.80343541946223,17.240292914778976
Indonesia,IDN,2021,69.32689892147683,40.44046642074387,26.767593510156303,2.834996880105006
Indonesia,IDN,2022,67.61282231490594,38.48003027909939,26.96032518983977,2.8896666072725146
Indonesia,IDN,2023,66.18593254774466,36.49701995455007,27.4588502485116,2.95382922967394
Iran,IRN,2021,47.20984165873357,0.3543035648687737,44.667890365017406,2.985254441633275
Iran,IRN,2022,46.64054019311067,0.3095194242235802,44.138790821613775,2.984259176390122
Iran,IRN,2023,46.15391906991914,0.2707117278477428,43.69164272572529,2.984056758358821
Iraq,IRQ,2021,46.30657409597856,0.2591259659976873,45.1662671199843,1.2944740119380678
Iraq,IRQ,2022,43.94480221249057,0.226852489018117,42.86599440172071,1.2471561159871751
Iraq,IRQ,2023,42.67741933508978,0.2065462383007061,41.62225828795526,1.2337291233998453
Ireland,IRL,2021,15.683316610073762,0.2562584407382268,14.197104764829442,1.4131633379524255
Ireland,IRL,2022,14.82763004157547,0.2396402800246599,13.366116158963,1.395927689839082
Ireland,IRL,2023,14.667470964625556,0.2301387646432579,13.208756687243348,1.4030745571914964
Israel,ISR,2021,22.84496127665537,0.1781680080214811,20.923210734282065,2.22626237187369
Israel,ISR,2022,21.32263986146952,0.1747276482477826,19.448412085482527,2.148793116007501
Israel,ISR,2023,21.257973557981305,0.1666077301109286,19.403275411767503,2.140112888324355
Italy,ITA,2021,18.545884601295544,0.2227256195501103,16.636577874145974,2.0919457466403437
Italy,ITA,2022,17.030851166842936,0.2085635695122744,15.200145391240923,1.993213248381776
Italy,ITA,2023,16.75889407644987,0.1965403424164747,14.96445109933372,1.9669159198835424
Jamaica,JAM,2021,41.81069446917363,9.420593080582815,31.0556387058761,1.6424164776242889
Jamaica,JAM,2022,42.42710728919807,9.6201174035164,31.383811205882267,1.7398671148342957
Jamaica,JAM,2023,41.8900571294336,9.14515427212103,31.309877739220653,1.7533471485494505
Japan,JPN,2021,11.94683959182897,0.0278499882918031,10.867965698443108,1.2556439580896637
Japan,JPN,2022,11.340931868004894,0.0274117969073619,10.25140981180235,1.2564322398917156
Japan,JPN,2023,11.386092450350931,0.0263065109224913,10.292936066314338,1.2630492068524275
Jordan,JOR,2021,40.38387786693111,0.022436460147033,38.6959086215133,2.2397518434298087
Jordan,JOR,2022,39.668979892924014,0.020815215514952,37.97537363419836,2.2402489145126983
Jordan,JOR,2023,39.44835403773899,0.019318440258954,37.74667013702808,2.252344881099349
Kazakhstan,KAZ,2021,55.32692369347354,15.205873477483944,36.99953888440986,3.8173889968238655
Kazakhstan,KAZ,2022,52.639266403361646,14.36496621924081,35.15934509846769,3.764656243522236
Kazakhstan,KAZ,2023,52.12178760199129,13.207756291154098,35.86610136826719,3.695032176534758
Kenya,KEN,2021,93.82471683748318,70.28555283330451,22.382571892471,1.8707824063596017
Kenya,KEN,2022,92.0458512189266,68.2404347949249,22.641298317297217,1.8749827540557256
Kenya,KEN,2023,90.3458197679713,66.45898981234399,22.7149720098618,1.8787523831327035
Kiribati,KIR,2021,159.69672479623244,142.42358467786258,15.872468055426532,2.206265033218588
Kiribati,KIR,2022,156.12519549052615,139.87288454005076,14.81458596955032,2.240898709542784
Kiribati,KIR,2023,153.74024119230128,137.09664193188573,15.174840991496676,2.278171736300775
Kuwait,KWT,2021,35.89668303521746,0.0622528354155372,35.20830192379523,0.9229125225068664
Kuwait,KWT,2022,34.873159689520804,0.0556101447202482,34.19825417404925,0.9024512375170916
Kuwait,KWT,2023,34.78580059858391,0.0481696413916228,34.11354154738557,0.9096103153630548
Kyrgyzstan,KGZ,2021,76.46804996729315,33.57050197927248,39.13133751202521,5.09752509071788
Kyrgyzstan,KGZ,2022,71.61924985076612,31.429193266824758,36.48896667283626,4.967030077041085
Kyrgyzstan,KGZ,2023,70.16414517149336,30.610349481300183,35.81680589306334,5.000682980706406
Laos,LAO,2021,127.48326780392196,97.15036159614714,27.58098713384115,4.457311955150728
Laos,LAO,2022,123.18773306375144,93.03090001569934,27.40524145224895,4.423630270646558
Laos,LAO,2023,119.68570827941512,90.36795620126482,26.57508170605203,4.385622064331246
Latin America and Caribbean,,2021,36.617083932804064,10.148966123767517,24.750170459414697,2.1727253058554314
Latin America and Caribbean,,2022,35.575674051377845,9.79874111994172,24.035847494488817,2.1825156450496523
Latin America and Caribbean,,2023,35.29692721601916,9.337219500596774,24.20310073681484,2.199051030975699
Latvia,LVA,2021,35.63911796219938,4.490579507503074,30.660699370116557,0.5943561819603859
Latvia,LVA,2022,34.83343819832083,4.368790348795996,29.975712977429215,0.5929830366501054
Latvia,LVA,2023,34.25710938331846,4.08865710340282,29.68210194121389,0.5896895903282158
Lebanon,LBN,2021,50.708917304037215,0.012840032773836,48.38150409767855,3.0779948602370157
Lebanon,LBN,2022,49.96460711016384,0.0120159947710193,47.63390432973328,3.0720050154262446
Lebanon,LBN,2023,49.84311847644708,0.0107233950069377,47.52136779221463,3.067763471334278
Lesotho,LSO,2021,167.59947237811772,112.67068132693292,50.30479333468816,7.152840447895888
Lesotho,LSO,2022,159.1263815537874,107.93574758821026,46.63563624608221,6.961803338199279
Lesotho,LSO,2023,151.950853259576,102.01151088589702,45.49581573311914,6.753737632555517
Liberia,LBR,2021,117.01244804814183,106.56181556499476,9.865355331939718,1.0731888462509849
Liberia,LBR,2022,115.22724906603914,104.93755953163502,9.69212734155848,1.0924065275819836
Liberia,LBR,2023,113.1579595811448,102.8017220042445,9.746902896904814,1.1098103131428143
Libya,LBY,2021,70.5702903879157,0.0616047475880368,68.15907620440375,3.2924537401880856
Libya,LBY,2022,71.88861516355894,0.0552730794064077,69.43578417878827,3.3736741387191214
Libya,LBY,2023,72.78869191749322,0.0483232271440404,70.29779464103895,3.4452586334453086
Lithuania,LTU,2021,34.738008760660385,1.020798248649292,32.890370223967935,0.9900138767703268
Lithuania,LTU,2022,33.548517631413205,1.0049714829725884,31.72327206924174,0.9759572328807028
Lithuania,LTU,2023,33.17304660318631,0.9558676994521956,31.38625781138448,0.9894746968977066
Low SDI,,2021,152.12638601554184,88.75212903586556,54.9543967904457,15.662187612743685
Low SDI,,2022,150.01117853478746,86.05973414469496,55.449080914632766,15.723099900360708
Low SDI,,2023,147.31583520091914,83.00646642453317,55.82968956968671,15.613010254173318
Low-middle SDI,,2021,111.13277125037102,54.45787090295215,50.16247456215397,10.462056925419272
Low-middle SDI,,2022,108.95069190124828,52.7791714658522,49.58258913173885,10.469572697073009
Low-middle SDI,,2023,106.8536623025632,50.19592182354571,50.025097200171416,10.47808540113694
Luxembourg,LUX,2021,17.058514959679762,0.1396945127912697,14.874443707351537,2.412074923241
Luxembourg,LUX,2022,16.093345469940886,0.1328107501237376,13.948161149723443,2.357279203664949
Luxembourg,LUX,2023,15.97749926375693,0.1280380981994059,13.847322550028258,2.3458576976455654
Macedonia,MKD,2021,51.43558681813108,13.089906904559934,37.0140978025652,1.8349658180773665
Macedonia,MKD,2022,50.3714707533674,12.833529810362489,36.18091008449276,1.8507164294669276
Macedonia,MKD,2023,49.98650948279586,12.371671321681436,36.25299709568505,1.855490029447262
Madagascar,MDG,2021,160.58744343674624,142.98786597465747,16.518631800986277,1.9912638619974747
Madagascar,MDG,2022,157.4418969769692,139.75199429293087,16.602796330790472,1.9884278513617624
Madagascar,MDG,2023,155.06950760658387,137.5948620274753,16.385583803681367,1.9871289829263308
Malawi,MWI,2021,108.99976866093166,94.3321696502252,13.118063677182684,2.779900546459101
Malawi,MWI,2022,106.87315775443705,92.75919735571163,12.565455674633233,2.756548404523351
Malawi,MWI,2023,104.93508417351862,90.76202480107004,12.64438931146253,2.7201191154919884
Malaysia,MYS,2021,52.55961698389653,2.57074083006934,48.67199419119101,1.6321394864562937
Malaysia,MYS,2022,49.77763583288413,2.4551835700144493,45.96913653513528,1.657299072375143
Malaysia,MYS,2023,50.44055047327774,2.190019631350225,46.8584810995864,1.708189299470957
Maldives,MDV,2021,24.598832920852896,7.445057113348044,14.95054181615512,2.614008651961328
Maldives,MDV,2022,22.12595792113816,6.673038433711375,13.19950882592784,2.618530449718194
Maldives,MDV,2023,21.43409424046895,5.9749686911223066,13.185675766969506,2.6284370534339976
Mali,MLI,2021,107.9820457487479,92.1007972937582,14.49683530141234,2.701288483439346
Mali,MLI,2022,108.83493982493552,93.76358018833574,13.644219990593523,2.769741865030092
Mali,MLI,2023,107.07540576931817,91.68252957805905,13.935527620967727,2.810955901217647
Malta,MLT,2021,23.49562395794774,0.2961057161736934,21.805218282253136,1.698833828687947
Malta,MLT,2022,23.36082766367033,0.2929993684994352,21.615067361874136,1.75739033013047
Malta,MLT,2023,23.624933392767463,0.2786920430769312,21.86008634201036,1.7991627334607203
Marshall Islands,MHL,2021,100.30413356973897,60.86857605157189,39.32470358615386,0.1373211519987821
Marshall Islands,MHL,2022,94.94876206134676,57.57592636493268,37.22853992307412,0.1772733092171399
Marshall Islands,MHL,2023,93.04476503315009,54.75998213146287,38.104270553447485,0.219956037103515
Mauritania,MRT,2021,87.4527028033656,52.05749592781439,34.49714788281261,1.4216462215719676
Mauritania,MRT,2022,85.21598960469369,50.53742790018447,33.74617143922804,1.460350838891587
Mauritania,MRT,2023,83.84267118415103,48.321510866371206,34.56624942062528,1.4891904043059576
Mauritius,MUS,2021,49.70206151805778,3.991973260677227,45.0730707037485,0.7740245827450483
Mauritius,MUS,2022,49.17048587108204,3.739863287693072,44.778002227006354,0.7922903551556757
Mauritius,MUS,2023,48.68229856910007,3.426270276687469,44.60339225182074,0.7927852121678572
Mexico,MEX,2021,45.134731459213725,11.328643160966868,30.37690362032704,4.458798750276161
Mexico,MEX,2022,44.73708440571189,11.27709990514156,29.9876987273906,4.478883831752833
Mexico,MEX,2023,44.40708421938613,10.832114307587922,30.124273791906376,4.451257721365116
Micronesia (country),FSM,2021,92.92237475831747,60.53528773353976,32.19129671808216,0.2497846643329101
Micronesia (country),FSM,2022,91.234159044625,59.56419776958838,31.46647456041622,0.2578825720692489
Micronesia (country),FSM,2023,90.16464757813236,57.647693841868765,32.3054560085164,0.2667853277453744
Middle SDI,,2021,71.86240513497219,21.41740402823759,45.34452143571013,7.602954094060392
Middle SDI,,2022,69.55199566885182,20.744829069102856,43.64430267447793,7.576669537192396
Middle SDI,,2023,68.01393322212499,19.00263025233688,43.804112967517504,7.606660266475974
Moldova,MDA,2021,55.83901239452469,11.582091968112262,42.9221563865894,1.6784344588837774
Moldova,MDA,2022,51.70355218079031,10.282318287703667,40.15769248397864,1.579369736916473
Moldova,MDA,2023,49.8682362169943,9.420438636592404,39.17150325053075,1.591486873154597
Mongolia,MNG,2021,84.75748553101734,35.8746520517309,47.62703049149653,1.8567074113887927
Mongolia,MNG,2022,81.37902801953523,35.61779670835664,44.49291512438807,1.847725396459836
Mongolia,MNG,2023,81.61391845496415,34.28080868044819,46.078598447629545,1.8375180915274
Montenegro,MNE,2021,49.03554657082575,17.506180872243196,30.782576950477143,1.0005162425474114
Montenegro,MNE,2022,47.8885827551507,17.5906818341657,29.53876836241912,1.0081562846034415
Montenegro,MNE,2023,47.54888833809019,17.17675752480232,29.610537587663668,1.0097614079559678
Morocco,MAR,2021,68.38215000284399,3.148513003167533,63.47306877229301,2.344601720173776
Morocco,MAR,2022,68.43200523651471,2.638902796089161,64.02900019404532,2.360361923949756
Morocco,MAR,2023,67.26864667934552,2.325253116098603,63.17102388546549,2.369861010510302
Mozambique,MOZ,2021,133.10797205283606,118.10803846343984,13.785509875226808,2.197112008935392
Mozambique,MOZ,2022,129.68669122431265,114.9028125445978,13.582773999667216,2.159496329807609
Mozambique,MOZ,2023,125.85633337307776,111.12580923499318,13.543209306666656,2.1203810592119186
Myanmar,MMR,2021,123.97154283858762,76.08909747436249,40.60876927609116,11.662654526960427
Myanmar,MMR,2022,120.86908104969474,74.80977116246288,38.77508193519158,11.57942004015966
Myanmar,MMR,2023,118.10524630170325,72.58260823502911,38.29937346473019,11.43424470348393
Namibia,NAM,2021,79.4315990173772,44.860277344064784,30.994815353066123,5.167312809450898
Namibia,NAM,2022,77.0966355341758,43.208754867792194,30.313585940360834,5.11444149678988
Namibia,NAM,2023,75.60720741392433,41.62359598813735,30.42583531088653,5.0646516564444495
Nepal,NPL,2021,136.43224885890365,63.85351385112384,62.19406425047441,18.4317714400134
Nepal,NPL,2022,134.87894132611652,60.6237595384888,63.78249120438217,18.492013397897683
Nepal,NPL,2023,133.26111106641983,57.74157089323313,64.98809155380978,18.545323487991745
Netherlands,NLD,2021,19.29096156859232,0.0896361993123994,17.25142180277427,2.342460660277937
Netherlands,NLD,2022,18.586539606771527,0.0883023247268606,16.517179284518257,2.3609604070728403
Netherlands,NLD,2023,18.612504280752685,0.0853371114534315,16.536460430293964,2.3724880775011803
New Zealand,NZL,2021,9.376395319558684,0.1456288478127449,9.04056283944598,0.2089206486392083
New Zealand,NZL,2022,8.646934412209875,0.1349575402279921,8.273321160515545,0.2598461572250106
New Zealand,NZL,2023,8.598756880012333,0.1309384617828243,8.176373378836955,0.3171515005096202
Nicaragua,NIC,2021,36.98517210304467,24.72982891099952,11.490473194842709,1.0739417812244532
Nicaragua,NIC,2022,34.779565052087825,23.1091624066282,10.920959601877568,1.0417410866568575
Nicaragua,NIC,2023,33.43893638008532,21.76492797286697,10.927921583236872,1.0299626348299395
Niger,NER,2021,140.946489690758,113.18106617492327,26.25708946321204,3.220237779829693
Niger,NER,2022,140.36924844024114,112.33260449014745,26.50249277412233,3.253486089441935
Niger,NER,2023,138.46776300076368,109.0242846128928,27.901248827985423,3.2728374920208108
Nigeria,NGA,2021,83.63084398958392,46.3512493160301,36.12242532535972,1.9388177787635348
Nigeria,NGA,2022,82.90048546151318,46.17296270251131,35.53636699003318,1.979999498111357
Nigeria,NGA,2023,81.22147297940873,44.65023672782947,35.368217516927686,1.9940292619545232
North Africa and Middle East,,2021,68.7038983669138,8.709037496179825,57.598315993610825,3.4220072589894066
North Africa and Middle East,,2022,67.24731669691909,8.349402722174933,56.52199964105833,3.385781495899609
North Africa and Middle East,,2023,66.20788699154082,7.95853185665108,55.88758288420383,3.361680652939361
North America,,2021,19.112719199566964,0.0856649073071649,15.62484031868409,3.8578501301297647
North America,,2022,17.95643093982378,0.0836360473480203,14.430103426104871,3.860427958251792
North America,,2023,17.940693739755147,0.0821301468313402,14.399434161280894,3.877076076865679
North Korea,PRK,2021,146.9762502190843,89.21301215421045,40.455550537675805,28.324118669250343
North Korea,PRK,2022,142.63436198327207,89.81874469811243,35.51927413644676,27.952221129861872
North Korea,PRK,2023,140.4386936637694,87.429139317901,35.78864562426727,27.729932956423077
Northern Ireland,,2021,17.921725474810223,0.3140409776425243,16.173130046035382,1.6563668034273662
Northern Ireland,,2022,17.011363090126192,0.3031943719488674,15.28345157478936,1.632848376478678
Northern Ireland,,2023,16.834393167074893,0.2858505611724281,15.130755504161865,1.6245611591168825
Northern Mariana Islands,MNP,2021,39.30210763667331,11.729753222518536,23.92477102404501,4.380546787474945
Northern Mariana Islands,MNP,2022,38.1201219962145,11.42482351555667,23.050915014677976,4.352340958431834
Northern Mariana Islands,MNP,2023,37.64082826376656,11.026039663409406,22.989801747958133,4.323899363989
Norway,NOR,2021,11.474984816579193,0.2026029528768357,9.710341287658634,1.7469842542971754
Norway,NOR,2022,10.855094877469543,0.1901080761173368,9.12469649460081,1.712648436439397
Norway,NOR,2023,10.888941039349437,0.1831588624833597,9.153368442107954,1.726015706196801
Oceania,,2021,203.3002375523792,173.50350389306809,29.468641812166208,0.4972345914667349
Oceania,,2022,198.84061349252548,170.04268309890847,28.39990972461907,0.6034680309474253
Oceania,,2023,195.86845916320576,167.3139068465438,28.082931652560397,0.7167661273690185
Oman,OMN,2021,57.9452996814732,0.7145604367263807,56.37767951336602,1.1770816611761443
Oman,OMN,2022,54.4034240351526,0.5914359040498676,53.02618267095122,1.0816097490179288
Oman,OMN,2023,53.69908925838512,0.5028944167474898,52.426017665334726,1.0581633428149513
Pakistan,PAK,2021,127.8247895077592,61.48449998269838,59.92902517604059,10.319128364910217
Pakistan,PAK,2022,125.48330197210502,58.86971372156917,60.12764838485637,10.344738198741393
Pakistan,PAK,2023,123.21548005051204,55.96422821511912,60.70407621759009,10.378400044728938
Palestine,PSE,2021,55.24488396966165,0.7660689691696438,52.797411521696105,2.255579415109937
Palestine,PSE,2022,53.12603928440005,0.6709976592973462,50.81559318182849,2.1905186190142443
Palestine,PSE,2023,52.556431633672986,0.5797895299223991,50.33949466068661,2.1902660954079907
Panama,PAN,2021,22.877899195171,6.876841479120849,15.435325533560269,0.6911944610545206
Panama,PAN,2022,21.738714512778905,6.520393949114702,14.627081734579306,0.7145939769327593
Panama,PAN,2023,21.312229370981058,6.050155506443088,14.648618708562957,0.7392018996768638
Papua New Guinea,PNG,2021,254.73108350595385,227.08220836017432,27.27417061662304,0.601455658592931
Papua New Guinea,PNG,2022,249.2745489254629,222.4302116008534,26.35877965413082,0.7721170002813604
Papua New Guinea,PNG,2023,245.29640397227243,218.87790913139773,25.81642228048602,0.9528738916692931
Paraguay,PRY,2021,45.03825019061416,28.985780557228995,15.054432711317434,1.3134428239836542
Paraguay,PRY,2022,42.81282278873054,27.738946294071063,14.066052918015629,1.3078863880031606
Paraguay,PRY,2023,41.98531211229416,26.35801293756912,14.62176656441568,1.3006115556473954
Peru,PER,2021,32.108003801286095,13.127126424015968,18.597685119013008,0.5219503369506615
Peru,PER,2022,31.012992962052643,12.331311550400072,18.306044653026984,0.5094461091599252
Peru,PER,2023,30.145899172385008,11.875582249500637,17.890552938323548,0.5116720520039268
Philippines,PHL,2021,114.28897608304752,75.61110020572094,37.57018162872947,1.5671913883608992
Philippines,PHL,2022,109.83731960616348,72.88067399774461,35.81542580591527,1.5993739714938104
Philippines,PHL,2023,106.87248335051554,70.18225729284613,35.519276307295414,1.6333417119991809
Poland,POL,2021,37.178234325753095,3.6142417716400574,32.08666134059083,1.903801616687289
Poland,POL,2022,35.09465572067202,3.5067263371878217,30.149071527093472,1.8373298045111492
Poland,POL,2023,34.26669113638126,3.3163593514327903,29.53041716723688,1.811191440269789
Portugal,PRT,2021,16.128803846113826,0.689083771623604,13.450859902749423,2.2833291783919094
Portugal,PRT,2022,15.180827886051022,0.6486686343971695,12.50344425261671,2.300896519028533
Portugal,PRT,2023,15.49125211039693,0.6239600691087915,12.813222904358048,2.334882316563042
Puerto Rico,PRI,2021,16.705781909556865,0.1236949596513057,15.612057587488993,1.111681553796685
Puerto Rico,PRI,2022,16.515578876099436,0.1269653616503488,15.365619947497173,1.1623670934683878
Puerto Rico,PRI,2023,16.96289757358247,0.1271653876465171,15.779330403990269,1.2003859266096313
Qatar,QAT,2021,64.72292148053695,0.004741254793908,63.20900338826428,2.358761101145749
Qatar,QAT,2022,62.04042744836082,0.0044040753728896,60.54487718723825,2.305776727286762
Qatar,QAT,2023,61.79388294501408,0.0038587141420261,60.32076371921361,2.2824475287410464
Romania,ROU,2021,42.257671872218246,10.274344317186705,30.65392844122169,1.6623360727663827
Romania,ROU,2022,40.79870077511529,10.016682883354262,29.4498986523543,1.654230977570032
Romania,ROU,2023,40.416006134925496,9.54993308346071,29.52682307962321,1.662040776262044
Russia,RUS,2021,46.080050718980885,0.1933305520071299,44.6385762679573,1.521135820586334
Russia,RUS,2022,43.76386603444572,0.1795884781474137,42.35551970560384,1.4890464985493963
Russia,RUS,2023,42.73102727671296,0.1633693085975193,41.35818505356849,1.4647025395787303
Rwanda,RWA,2021,100.55949391131584,77.92314726830405,21.05214908098753,2.8386393921088717
Rwanda,RWA,2022,98.49676310613953,75.78733473428387,21.14293114564744,2.79399850856211
Rwanda,RWA,2023,97.08200323569254,74.0428280143675,21.484669038862453,2.7631549153973705
Saint Lucia,LCA,2021,39.72653762192336,5.773103909249553,33.95343371267381,0.0
Saint Lucia,LCA,2022,38.87219808112542,5.581223101787132,33.29097497933828,0.0
Saint Lucia,LCA,2023,39.21108794192493,5.211432824907389,33.99965511701755,0.0
Saint Vincent and the Grenadines,VCT,2021,50.36007841550021,11.609974236217417,38.709684527111655,0.0528298694655302
Saint Vincent and the Grenadines,VCT,2022,48.96374407654073,11.073221412419784,37.84788336503492,0.055426208227484
Saint Vincent and the Grenadines,VCT,2023,48.67290215956563,10.414223131359446,38.21271469533856,0.0596802986220711
Samoa,WSM,2021,80.41272165838696,63.67096210023232,16.7404903955273,0.0017730043107824
Samoa,WSM,2022,78.03129125541857,62.19599049577486,15.834059719284472,0.0017223020213201
Samoa,WSM,2023,76.83415607894658,60.58533752988395,16.247599166477755,0.0016992450006486
Sao Tome and Principe,STP,2021,112.71338023629392,78.89031518061438,31.550181227904204,3.501979140124882
Sao Tome and Principe,STP,2022,111.8873244976991,76.72123078931213,32.752274876510384,3.694662211201341
Sao Tome and Principe,STP,2023,110.08124488937102,74.2261855828821,33.31577333068209,3.860018237551194
Saudi Arabia,SAU,2021,69.34716062341386,0.2338991779403838,67.27417988945994,2.843313890043786
Saudi Arabia,SAU,2022,65.16091330384386,0.2015879177903994,63.12547376836102,2.7763069367105007
Saudi Arabia,SAU,2023,64.07581882776527,0.1622059623727093,62.14309683563553,2.6963898995374955
Scotland,,2021,17.47829991091806,0.7177599187386725,15.047484046811684,1.9325711092738191
Scotland,,2022,16.651897585157094,0.6812285106700732,14.212786981499402,1.9664398837835009
Scotland,,2023,16.506797577099082,0.6474090907304701,14.113348944769148,1.952404658686935
Senegal,SEN,2021,108.65704997407953,82.55424997972328,25.060840473413247,1.820418586719944
Senegal,SEN,2022,107.0737026964926,83.43234416447542,22.563921564809952,1.8674436004426875
Senegal,SEN,2023,106.0552118202052,81.36546710273886,23.59981667724977,1.8902705689890265
Serbia,SRB,2021,68.17432544424858,24.653742038719948,41.42772016109543,2.8767872771735683
Serbia,SRB,2022,63.988774383850966,23.757082106619997,38.18777875193208,2.781758743957797
Serbia,SRB,2023,62.57853348270601,22.926748163718383,37.63655417248132,2.7388789554395108
Seychelles,SYC,2021,43.19669307413467,4.423784242319693,38.32154400586758,0.5709955258896999
Seychelles,SYC,2022,43.12389498068841,3.968503449896568,38.71247670646706,0.5616485311471339
Seychelles,SYC,2023,42.32630251704251,3.660678958646263,38.22685752011138,0.5555092809656966
Sierra Leone,SLE,2021,156.9118728561813,138.35466103205533,17.299434431684915,2.263931294542433
Sierra Leone,SLE,2022,152.9037149503743,135.22001112588538,16.399096420340967,2.3019408444815026
Sierra Leone,SLE,2023,149.59833720319767,131.61150095456225,16.679889839617303,2.3292019011776355
Singapore,SGP,2021,21.70642760931517,0.0414583970304986,21.060794616097667,0.7639883762824391
Singapore,SGP,2022,19.932635819194875,0.0383723830743652,19.28639988060765,0.760298828076953
Singapore,SGP,2023,19.98012764703665,0.0356739992317304,19.29837689064142,0.809215757106203
Slovakia,SVK,2021,38.51551686307555,1.7925318590002146,35.39315245181512,1.671183130856745
Slovakia,SVK,2022,35.80706769758997,1.7464969382455544,32.77760613856719,1.597683505733314
Slovakia,SVK,2023,35.36190176779609,1.6290348845850045,32.47774035832761,1.5648600281623104
Slovenia,SVN,2021,20.81567124765231,1.7056260091773898,17.73689150517233,1.7127076446522151
Slovenia,SVN,2022,19.738110842518985,1.6336504516446515,16.747235343161723,1.678591837129633
Slovenia,SVN,2023,19.72328919282849,1.5656381503288528,16.790947813723637,1.6910186968514824
Solomon Islands,SLB,2021,192.32125775356735,173.11704919427422,19.14370387158309,0.0972880976424678
Solomon Islands,SLB,2022,189.48150085817096,171.2595021241968,18.145631929189992,0.1221665099715701
Solomon Islands,SLB,2023,187.2542829404484,168.81778654307763,18.342997618557877,0.1489647395676695
Somalia,SOM,2021,171.53311536272508,153.6960695608444,17.04660123827459,1.5665240018611544
Somalia,SOM,2022,168.24036392302193,150.11417549300518,17.31669576799138,1.5918616363104885
Somalia,SOM,2023,165.82858222804225,147.88948784960408,17.114341181538435,1.6214096772047784
South Africa,ZAF,2021,65.6569820093827,14.797394553350422,48.54142418716739,3.093138378435287
South Africa,ZAF,2022,63.01018395907781,13.32702421867385,47.34459604568104,3.0979383294261607
South Africa,ZAF,2023,57.853890015715216,10.99690220411361,44.6444465060163,2.923280371519416
South Asia,,2021,133.26788833132156,58.06244266163544,65.97549385358793,15.836615244515214
South Asia,,2022,131.2674076965775,55.66494431167965,66.25083377699103,15.898912952897115
South Asia,,2023,128.80321748006003,52.53805749097572,66.90052673883338,15.83877881494094
South Korea,KOR,2021,23.47566901588637,0.0164931025604042,21.935468541534085,2.002496186898149
South Korea,KOR,2022,21.884708352766697,0.0158507352171327,20.329485027751257,1.9945717657850728
South Korea,KOR,2023,21.69790198713537,0.0151757437908913,20.123075108002297,2.0204681805617746
South Sudan,SSD,2021,160.89468487415104,133.4676010766305,25.634709680803823,3.480300834496096
South Sudan,SSD,2022,159.05513266728386,132.69698105936976,24.54764637593839,3.487405505214781
South Sudan,SSD,2023,156.1654698833523,129.42378575980354,24.92356244287077,3.489704459563633
Southeast Asia,,2021,70.94207136938867,38.25719320680535,30.748067754449984,2.7841194312668964
Southeast Asia,,2022,68.52215980122962,36.76593726526925,29.79277701359899,2.795432620215027
Southeast Asia,,2023,66.89490627615808,35.016602366394665,29.893185902022225,2.8097893560865117
"Southeast Asia, East Asia, and Oceania",,2021,77.77720552650453,23.84754697102247,47.575835936505456,9.603736056539784
"Southeast Asia, East Asia, and Oceania",,2022,74.51444725482679,23.20937795173783,44.92384859712253,9.480824774235693
"Southeast Asia, East Asia, and Oceania",,2023,72.56410760755641,21.25422102472787,44.908321835093744,9.473460985767224
Southern Latin America,,2021,29.93540619053211,2.604863032909032,26.121704977499927,1.47683864095203
Southern Latin America,,2022,28.831655254152466,2.495345097184296,25.072202215953563,1.5307339478069135
Southern Latin America,,2023,28.393856638459727,2.372909582957804,24.71485624217784,1.5794133376377777
Southern Sub-Saharan Africa,,2021,77.87242031444102,29.98239853550153,45.40722787500136,3.4117726263642023
Southern Sub-Saharan Africa,,2022,74.84209993404143,28.03792653096717,44.313819357432514,3.395232097964757
Southern Sub-Saharan Africa,,2023,69.84809263012343,25.338791216779544,42.13127546960815,3.2341342899538565
Spain,ESP,2021,15.97984597308629,0.4897220100656003,12.941654472684991,2.987383868436818
Spain,ESP,2022,14.776496470057172,0.4649402002852436,11.83727323849756,2.876633568567202
Spain,ESP,2023,14.481292760208191,0.4396444651459856,11.598344171796596,2.8389567962445423
Sri Lanka,LKA,2021,52.568597120510894,26.428051713544143,25.74590762333878,0.5544009925210892
Sri Lanka,LKA,2022,43.272225552621066,26.903919346082866,15.929086422519344,0.5763735697000097
Sri Lanka,LKA,2023,38.46263658418249,25.16209965960096,12.832796978689537,0.5972401386002671
Sub-Saharan Africa,,2021,107.59496315209684,76.47238546917175,29.53553909451301,2.655769873770848
Sub-Saharan Africa,,2022,105.32924951642909,74.4952472050169,29.22642671978721,2.672383223979665
Sub-Saharan Africa,,2023,102.7262742059895,72.18739462767438,28.935964187790116,2.6604924638297542
Sudan,SDN,2021,100.55114882257786,57.00683018345738,42.09278829590246,2.3544900543502973
Sudan,SDN,2022,97.36845987054284,55.30052003762764,40.58802662406661,2.374240421818832
Sudan,SDN,2023,95.70386241591244,52.43083262939619,41.764316572238585,2.40480390787413
Suriname,SUR,2021,50.61099976887567,12.327838233078271,37.86042617530555,0.5597376762371654
Suriname,SUR,2022,50.09759588913193,11.993360144345145,37.66496751410752,0.5786762382213296
Suriname,SUR,2023,48.714428646444254,11.351051551281138,36.92001981131924,0.5823429853404283
Swaziland,SWZ,2021,118.54146469686536,72.64333884586713,41.8673874885878,5.527406823277089
Swaziland,SWZ,2022,111.5505316879362,67.77632693252572,39.85504479767981,5.325946863037777
Swaziland,SWZ,2023,106.34176901707583,63.45187710098276,39.07458229346773,5.164878948924798
Sweden,SWE,2021,9.85002662300768,0.2003195918426075,8.47778460386595,1.2862486083955107
Sweden,SWE,2022,9.280194026324793,0.1813829702733366,7.913134283995126,1.2942612202201806
Sweden,SWE,2023,9.395303079970224,0.1753970159529749,8.04095235887221,1.2898080360029038
Switzerland,CHE,2021,12.91571029469802,0.2073064114162343,11.14980039001042,1.840616746853729
Switzerland,CHE,2022,11.980382637095683,0.2000679032839555,10.273577037183337,1.765144837350302
Switzerland,CHE,2023,11.705171652358956,0.1882479350399344,10.03948848728255,1.7294882607249202
Syria,SYR,2021,65.14243341579177,0.1199732315938947,62.968819499372806,2.847088614851871
Syria,SYR,2022,64.8413130518774,0.1027774808692709,62.66722107110201,2.8664013549954306
Syria,SYR,2023,64.22641351172673,0.0882046181619087,62.061240742088,2.874932139301012
Taiwan,TWN,2021,33.33393615747206,1.7285849212710949,28.73069846528262,3.744141209900551
Taiwan,TWN,2022,32.79977620851469,1.6998042689181811,28.17916452042053,3.7650180472911727
Taiwan,TWN,2023,32.74411355504219,1.5837054918517772,28.216119166410635,3.791293467412275
Tajikistan,TJK,2021,95.99474021880108,40.3376263420618,53.66164512101581,2.984808396387165
Tajikistan,TJK,2022,94.42678374640046,41.27034280635163,51.18729444626267,2.910269397689173
Tajikistan,TJK,2023,94.29643742673284,39.9534653545976,52.36181317736281,2.944508889645777
Tanzania,TZA,2021,99.14784636393082,82.21167854933486,16.10476342372283,1.4497454632165605
Tanzania,TZA,2022,97.66813763170951,80.28697316883992,16.52375382505835,1.4836916524247368
Tanzania,TZA,2023,96.53732288410468,78.7673045581629,16.891037406360727,1.5164074604447677
Thailand,THA,2021,33.32841118605353,7.824727870429072,24.86486705349657,0.8558743382497742
Thailand,THA,2022,33.060405561149175,7.307369917252395,25.10817067890535,0.8577510043915676
Thailand,THA,2023,32.81342263200955,6.704581833154358,25.4478311139682,0.8775768102505846
Timor,TLS,2021,98.66891364909355,78.87969427498992,18.76747911218981,1.6142951607681388
Timor,TLS,2022,98.08025266153098,78.45134361122687,18.5223744558816,1.7404468202581584
Timor,TLS,2023,97.66245515616588,78.41731941245548,18.03969052675725,1.8883411551526736
Togo,TGO,2021,121.15306760818936,94.876158265862,24.976620032223934,2.287037242704214
Togo,TGO,2022,118.15604542335686,92.30634939137026,24.52775179740521,2.309815186080427
Togo,TGO,2023,115.22943381323176,89.88397595886532,24.00627693525531,2.320647250688173
Tonga,TON,2021,74.71951606653327,49.69489866556014,25.02375752823067,0.0011105221452301
Tonga,TON,2022,72.44547195864548,47.81472029623094,24.629763061742008,0.0012528104194632
Tonga,TON,2023,70.72940437136224,46.12549056137768,24.60274239889044,0.0014749574441551
Trinidad and Tobago,TTO,2021,50.630311852194936,0.8817511908849617,49.39152052974212,0.4588796783253211
Trinidad and Tobago,TTO,2022,51.57747791657147,0.8950982718648173,50.30691196594137,0.480884781637276
Trinidad and Tobago,TTO,2023,51.80870490947064,0.8704718065601329,50.5498688680279,0.4977864897060315
Tropical Latin America,,2021,31.819006815203707,6.87322202630846,23.25077784575008,2.0593714653070863
Tropical Latin America,,2022,30.62738307930423,6.467518796794357,22.42530029144246,2.0867449393320445
Tropical Latin America,,2023,30.580407020355448,6.051460533548509,22.754606033965903,2.1319732174522663
Tunisia,TUN,2021,51.9042575219606,0.264840401320544,49.55824185766005,2.816595697038011
Tunisia,TUN,2022,52.418097566033126,0.2172449451627246,50.13233260242844,2.8172501261135348
Tunisia,TUN,2023,51.6134134952881,0.1896516525798198,49.35461322071893,2.8123745143610246
Turkey,TUR,2021,49.71332455002552,0.5499470203021869,45.750674817881766,4.774716200978894
Turkey,TUR,2022,47.881273224413576,0.4614083891295651,44.10186754396268,4.627937271330769
Turkey,TUR,2023,46.77557879410172,0.4000586888682341,43.12637267011741,4.526615041515589
Turkmenistan,TKM,2021,69.73456130690366,0.4983916934468588,68.06780718498477,1.4787051831387683
Turkmenistan,TKM,2022,67.35602462417552,0.4749956309282878,65.69985814017353,1.4836337770098802
Turkmenistan,TKM,2023,67.29758185900461,0.4448967317291737,65.65694225044125,1.505881817129864
Uganda,UGA,2021,97.8464154936374,73.90369059509044,22.61606543030815,2.401678762492564
Uganda,UGA,2022,95.53886793707908,70.77299670355825,23.43131339263284,2.412387669294781
Uganda,UGA,2023,93.71754318661084,69.2222695861263,23.13923062910701,2.4362077624238627
Ukraine,UKR,2021,71.01454378817381,5.56231867743569,64.25415940828339,1.519545302617381
Ukraine,UKR,2022,67.76833734551823,5.235080002515712,61.36455714887041,1.4751390146642078
Ukraine,UKR,2023,63.88562435228056,4.875243394792025,57.85280530520957,1.4584162628818813
United Arab Emirates,ARE,2021,79.41727038350533,0.3286538378971226,75.21592008258948,5.3486199502234335
United Arab Emirates,ARE,2022,78.10633233546515,0.3078524371889823,73.93151784916678,5.320663701916133
United Arab Emirates,ARE,2023,77.84550799288915,0.2783852073194291,73.7232725414425,5.292742032262492
United Kingdom,GBR,2021,18.243927244783624,0.2687769012651138,16.50907916972725,1.7203784994727702
United Kingdom,GBR,2022,17.89133733863719,0.2591373350099437,16.145949176307724,1.738131250940841
United Kingdom,GBR,2023,17.783700150135274,0.2488325460676914,16.04766925296477,1.738457585100461
United States,USA,2021,19.95171478952713,0.092758725537689,16.232599604039038,4.115664936265889
United States,USA,2022,18.805666182240937,0.0907556817372901,15.0417880926379,4.122649149939827
United States,USA,2023,18.825145673515728,0.0891350414245025,15.043925112616272,4.142218556775733
United States Virgin Islands,VIR,2021,31.03257095599208,1.289125311725667,29.503635676552644,0.2821694169298238
United States Virgin Islands,VIR,2022,29.45861699177724,1.249902882167293,27.96191670058429,0.2879573513111696
United States Virgin Islands,VIR,2023,29.74854604075168,1.227088106743609,28.261105115651823,0.3037742051771015
Uruguay,URY,2021,20.831837555228287,1.393412259170701,18.18633682560304,1.452046163776562
Uruguay,URY,2022,20.22684297887188,1.3257937932461032,17.612758592962226,1.488164717745568
Uruguay,URY,2023,20.40197470479781,1.257980390062146,17.810391396601382,1.541233959268398
Uzbekistan,UZB,2021,111.07197690304352,26.22017683202672,83.21856533748766,2.190256462852105
Uzbekistan,UZB,2022,105.8142264331703,25.434107448557132,78.72498991151292,2.191593067337395
Uzbekistan,UZB,2023,105.0869241795173,23.633506576589685,79.78463299571749,2.216787598928012
Vanuatu,VUT,2021,142.7623490796702,123.39675944674724,19.03876134122774,0.4927352065279076
Vanuatu,VUT,2022,141.00514566375034,122.02481692353442,18.643100710252185,0.5045898376520146
Vanuatu,VUT,2023,139.65072868617003,120.49764174599454,18.80394707869716,0.5203737242805999
Venezuela,VEN,2021,37.42538625268019,0.5451263566603334,35.63568400671402,1.5400515727478208
Venezuela,VEN,2022,34.430328988302726,0.5023259349630685,32.732740127341835,1.4641693774343096
Venezuela,VEN,2023,34.74692209399745,0.4729808943817693,33.0522639006335,1.5017190729605965
Vietnam,VNM,2021,63.135812763454624,27.907673237803373,33.39513215446445,2.613888616969176
Vietnam,VNM,2022,61.4730485097585,27.06441307431301,32.546951355713865,2.625100525454294
Vietnam,VNM,2023,60.31753329796778,25.63626388347209,32.80021104546688,2.634433990979217
Wales,,2021,18.856808013785127,0.4309619582995256,16.865805177183418,1.8169711424747843
Wales,,2022,18.505087253070048,0.4218871168622172,16.49839329832724,1.839628414423592
Wales,,2023,18.597231699006244,0.4087138166600928,16.598608498491274,1.846076956616522
Western Europe,,2021,17.560469484884926,0.2582149952711255,15.580991532346223,2.058737800600797
Western Europe,,2022,16.723282641914583,0.2493056155761522,14.763303469448957,2.0296365251484625
Western Europe,,2023,16.55536412740375,0.2371112349681593,14.620374536748487,2.015222793427647
Western Sub-Saharan Africa,,2021,107.14618037799328,73.50103376905608,32.44859012842619,2.089671580698397
Western Sub-Saharan Africa,,2022,105.55737706133492,72.4646255849933,31.86808322563226,2.1223383234244824
Western Sub-Saharan Africa,,2023,103.24159569777257,70.14070631555937,31.86420599396311,2.1347780533846104
World,OWID_WRL,2021,67.0815026475787,23.451821048159758,39.49397860344087,6.214319184081336
World,OWID_WRL,2022,65.15078460284298,22.763017414829008,38.20370081911134,6.217144234055123
World,OWID_WRL,2023,63.82296559636067,21.46604128859508,38.15435670775076,6.226275180573618
Yemen,YEM,2021,99.42398859303592,39.71399152531494,57.72147439551222,2.9918792245389905
Yemen,YEM,2022,97.02468238057207,38.224856048159744,56.743793559781295,3.0496710199722497
Yemen,YEM,2023,96.50135104729176,36.3553337599567,58.03978474204812,3.107451149881728
Zambia,ZMB,2021,102.51662641462546,78.07381755369734,21.955596147606546,4.056559147727673
Zambia,ZMB,2022,100.566474046867,76.53772548053152,21.53492086405781,4.043370452307225
Zambia,ZMB,2023,98.86996277703714,74.84471993189219,21.537253276238005,4.015376225953892
Zimbabwe,ZWE,2021,132.75255320876386,104.34050566619176,25.71541516331892,4.200906679464229
Zimbabwe,ZWE,2022,128.69213767523416,100.39228701198344,25.64356952811576,4.117173407020747
Zimbabwe,ZWE,2023,125.02884259285015,96.23599601926124,26.166182363641425,4.052494813246566
